track_mbid,artist_name,artist_name_norm,track_name,track_name_norm,resolution_method,resolution_status,matched_recording_mbid,resolved_mbid,search_score,isrc,run_id,resolved_at_utc,trusted_processed_at_utc
0364a780-e302-3431-bb6c-33eca100b5e1,Björk,bjork,It's Oh So Quiet,its oh so quiet,mbid_then_search_no_isrc,search_no_isrc,9480b051-b50c-4f56-9c12-25eda03dc43a,0364a780-e302-3431-bb6c-33eca100b5e1,100.0,,20260513T155412Z,2026-05-13T15:54:22.099326+00:00,2026-05-13T15:55:29.457062+00:00
004c33c5-25e6-497e-b1b8-9be1504ea885,Luther Vandross,luther vandross,Never Too Much,never too much,mbid_then_search_no_isrc,search_no_isrc,db75ca1c-8760-43fb-b57b-cf0d504664d2,004c33c5-25e6-497e-b1b8-9be1504ea885,100.0,,20260513T155412Z,2026-05-13T15:54:52.124781+00:00,2026-05-13T15:55:29.457062+00:00
01aeab40-dfec-3b97-a0ea-adb08c22c536,Green Day,green day,Holiday,holiday,mbid_then_search_no_isrc,search_no_isrc,efdf9683-fe2a-4013-b783-21efd6ea8efc,01aeab40-dfec-3b97-a0ea-adb08c22c536,100.0,,20260513T155412Z,2026-05-13T15:55:13.282999+00:00,2026-05-13T15:55:29.457062+00:00
00e6a77b-659b-3f9f-8ce7-3210072765fc,Charles Mingus,charles mingus,Goodbye Pork Pie Hat,goodbye pork pie hat,mbid_then_search_no_isrc,search_no_isrc,6623f4fa-9b77-47f1-9549-b5bfdb79a5a4,00e6a77b-659b-3f9f-8ce7-3210072765fc,100.0,,20260513T155412Z,2026-05-13T15:54:20.216282+00:00,2026-05-13T15:55:29.457062+00:00
0063bb06-4e74-464d-97ae-b82f90bcb222,Coldplay,coldplay,Yellow,yellow,mbid_then_search_no_isrc,search_no_isrc,22e84ec5-93bd-4441-8246-7e439a6c9090,0063bb06-4e74-464d-97ae-b82f90bcb222,100.0,,20260513T155412Z,2026-05-13T15:54:18.439242+00:00,2026-05-13T15:55:29.457062+00:00
00a022bc-0ae4-3823-89ef-058d736e211d,The Ink Spots,the ink spots,I Don't Want to Set the World on Fire,i dont want to set the world on fire,mbid_then_search_no_isrc,search_no_isrc,b335dbd7-b138-4d7d-bca1-958f38446775,00a022bc-0ae4-3823-89ef-058d736e211d,100.0,,20260513T155412Z,2026-05-13T15:54:23.939389+00:00,2026-05-13T15:55:29.457062+00:00
00cda44f-3377-4536-8418-c364665d0b70,Pitbull,pitbull,Timber,timber,mbid_then_search_no_isrc,search_no_isrc,f020bfce-d729-4987-9702-acbb5a27ee84,00cda44f-3377-4536-8418-c364665d0b70,100.0,,20260513T155412Z,2026-05-13T15:54:53.860761+00:00,2026-05-13T15:55:29.457062+00:00
00070705-f7ed-38f7-b8f3-ad3c0ca330bc,The Jackson 5,the jackson 5,I Want You Back,i want you back,mbid_then_search_no_isrc,search_no_isrc,1e0ff808-2c05-443e-8e55-df94bb80a58f,00070705-f7ed-38f7-b8f3-ad3c0ca330bc,100.0,,20260513T155412Z,2026-05-13T15:54:48.635751+00:00,2026-05-13T15:55:29.457062+00:00
036b0834-4ac1-3d57-b7e8-cf29428e26ce,Bob Marley & The Wailers,bob marley the wailers,"Roots, Rock, Reggae",roots rock reggae,mbid_then_search_no_isrc,search_no_isrc,32a3b72e-c474-47ac-962a-a123e9656681,036b0834-4ac1-3d57-b7e8-cf29428e26ce,100.0,,20260513T155412Z,2026-05-13T15:54:36.497252+00:00,2026-05-13T15:55:29.457062+00:00
03c79e71-ebd0-4336-9d1c-74c60eb878c4,Fleetwood Mac,fleetwood mac,Need Your Love so Bad,need your love so bad,mbid_then_search_no_isrc,search_no_isrc,41b77831-47f0-4428-a36b-b4eed29524a7,03c79e71-ebd0-4336-9d1c-74c60eb878c4,100.0,,20260513T155412Z,2026-05-13T15:54:43.296325+00:00,2026-05-13T15:55:29.457062+00:00
04738cd5-78b7-3fcb-9a94-e2807f960c53,Shakira,shakira,Si Te Vas,si te vas,search,search_ok,f9f2a3d4-762a-44ad-8be1-ebd9e2110ffc,04738cd5-78b7-3fcb-9a94-e2807f960c53,100.0,NLB630010002,20260513T155412Z,2026-05-13T15:55:14.993923+00:00,2026-05-13T15:55:29.457062+00:00
0491d8f5-42f8-4f6d-8961-13d093eb1a08,Charlie Puth,charlie puth,Attention,attention,mbid_then_search_no_isrc,search_no_isrc,318d12f7-4e91-4583-936a-3693041fe5dc,0491d8f5-42f8-4f6d-8961-13d093eb1a08,100.0,,20260513T155412Z,2026-05-13T15:54:16.674227+00:00,2026-05-13T15:55:29.457062+00:00
018270a8-f813-307b-8de6-eabb2b3220da,Michael Jackson,michael jackson,Remember the Time,remember the time,mbid_then_search_no_isrc,search_no_isrc,080ec483-0a7b-4d4b-8ca2-5af9207172b1,018270a8-f813-307b-8de6-eabb2b3220da,100.0,,20260513T155412Z,2026-05-13T15:54:13.195269+00:00,2026-05-13T15:55:29.457062+00:00
04de8225-0765-4e6c-bb34-4b965becf6e4,Spiller,spiller,Groovejet (If This Ain't Love),groovejet if this aint love,mbid_then_search_no_isrc,search_no_isrc,186fbfce-8c14-4229-b29a-a5c96612cb4e,04de8225-0765-4e6c-bb34-4b965becf6e4,100.0,,20260513T155412Z,2026-05-13T15:55:11.600946+00:00,2026-05-13T15:55:29.457062+00:00
0574da72-5d37-4d70-9b4e-cde26d15584d,Kendrick Lamar,kendrick lamar,A.D.H.D,adhd,search,search_ok,5fb18e9d-fb24-4d96-8410-032d3fc89568,0574da72-5d37-4d70-9b4e-cde26d15584d,100.0,USUYG1008102,20260513T155412Z,2026-05-13T15:54:32.781079+00:00,2026-05-13T15:55:29.457062+00:00
0601b141-aa50-375f-b375-0c00724e8e00,Boards of Canada,boards of canada,Kaini Industries,kaini industries,mbid_then_search_no_isrc,search_no_isrc,576d25d0-039c-4afd-9385-3ba84cc52789,0601b141-aa50-375f-b375-0c00724e8e00,100.0,,20260513T155412Z,2026-05-13T15:54:55.571992+00:00,2026-05-13T15:55:29.457062+00:00
074057f3-d366-4701-88ae-da78f01c7d18,M.I.A.,mia,Bad Girls,bad girls,mbid_then_search_no_isrc,search_no_isrc,7608619a-2a7c-445b-9658-23852bc5b1fa,074057f3-d366-4701-88ae-da78f01c7d18,100.0,,20260513T155412Z,2026-05-13T15:54:34.528958+00:00,2026-05-13T15:55:29.457062+00:00
080a9b47-c1fa-3b91-9199-bfb02f90d27c,Boards of Canada,boards of canada,Constants Are Changing,constants are changing,search,search_ok,3ca05a3e-6cac-4d57-b16f-a99a2861b2c0,080a9b47-c1fa-3b91-9199-bfb02f90d27c,100.0,GBBPW0500105,20260513T155412Z,2026-05-13T15:55:08.325051+00:00,2026-05-13T15:55:29.457062+00:00
080deefb-87ba-393c-8451-b14be30c1d88,Shakira,shakira,Inevitable,inevitable,mbid_then_search_no_isrc,search_no_isrc,f1d7dc73-b93b-4d8f-88cb-e1508728c913,080deefb-87ba-393c-8451-b14be30c1d88,100.0,,20260513T155412Z,2026-05-13T15:55:16.822198+00:00,2026-05-13T15:55:29.457062+00:00
08983ba4-e7df-489d-8c22-d0d63bd9e01d,Bon Iver,bon iver,Beach Baby,beach baby,mbid_then_search_no_isrc,search_no_isrc,ef1bdc88-967c-431b-a269-2768a3394456,08983ba4-e7df-489d-8c22-d0d63bd9e01d,100.0,,20260513T155412Z,2026-05-13T15:54:46.739370+00:00,2026-05-13T15:55:29.457062+00:00
006238aa-ff96-366c-bbe1-5a6ed335e7d8,Drake,drake,Best I Ever Had,best i ever had,search,search_ok,7d1aca00-bce1-4eda-b1a9-032079b1aad4,006238aa-ff96-366c-bbe1-5a6ed335e7d8,100.0,USCM51900178,20260513T155412Z,2026-05-13T15:54:31.028119+00:00,2026-05-13T15:55:29.457062+00:00
09b70d29-7093-329a-8708-e7a7a14c97c4,Usher,usher,Hey Daddy (Daddy's Home),hey daddy daddys home,search,search_ok,680c6e09-decb-4580-aa9b-866acb9e4256,09b70d29-7093-329a-8708-e7a7a14c97c4,100.0,USLF21000011,20260513T155412Z,2026-05-13T15:55:19.251449+00:00,2026-05-13T15:55:29.457062+00:00
0c04c5d0-a1d3-47df-9371-bde19ec56be2,Boards of Canada,boards of canada,An Eagle in Your Mind,an eagle in your mind,search,search_ok,4dcc4ed5-d63d-4466-8fb4-3cea2d4828e4,0c04c5d0-a1d3-47df-9371-bde19ec56be2,100.0,GBBPW9800011,20260513T155412Z,2026-05-13T15:54:57.345836+00:00,2026-05-13T15:55:29.457062+00:00
0197e625-352b-453c-9ba7-a7d0ab7b147e,Alicia Keys,alicia keys,Fallin',fallin,mbid_then_search_no_isrc,search_no_isrc,ee1fd81c-8d9d-460e-8188-4952be030fc0,0197e625-352b-453c-9ba7-a7d0ab7b147e,100.0,,20260513T155412Z,2026-05-13T15:54:50.337725+00:00,2026-05-13T15:55:29.457062+00:00
1304095a-d342-39da-984e-4a639cb2302d,Sufjan Stevens,sufjan stevens,Futile Devices,futile devices,mbid_then_search_no_isrc,search_no_isrc,5ba2875e-4f96-4f92-a4f2-6910f7775752,1304095a-d342-39da-984e-4a639cb2302d,100.0,,20260513T155412Z,2026-05-13T15:54:44.979002+00:00,2026-05-13T15:55:29.457062+00:00
16ded970-3d57-4735-9470-1da9182afd48,Boards of Canada,boards of canada,Open the Light,open the light,search,search_ok,559091e4-f3e5-4d2b-962a-3621193e3d6a,16ded970-3d57-4735-9470-1da9182afd48,100.0,GBBPW9800025,20260513T155412Z,2026-05-13T15:55:04.712087+00:00,2026-05-13T15:55:29.457062+00:00
1ebf147d-4ec3-4ba1-96bf-e3f429f122b6,Boards of Canada,boards of canada,Dandelion,dandelion,search,search_ok,bfe43d24-abf9-4bd0-a64e-f605836c1f1f,1ebf147d-4ec3-4ba1-96bf-e3f429f122b6,100.0,GBBPW0100197,20260513T155412Z,2026-05-13T15:55:02.883623+00:00,2026-05-13T15:55:29.457062+00:00
20b0cbf8-12bd-4b69-a089-de2994b5a6d5,Lord Huron,lord huron,The Night We Met,the night we met,mbid_then_search_no_isrc,search_no_isrc,fb87968b-7bca-40bb-9e89-af170b177ad8,20b0cbf8-12bd-4b69-a089-de2994b5a6d5,100.0,,20260513T155412Z,2026-05-13T15:54:39.763954+00:00,2026-05-13T15:55:29.457062+00:00
267cf9f3-a329-4e7e-a5cb-ba18636ef8e0,Boards of Canada,boards of canada,Energy Warning,energy warning,mbid_then_search_no_isrc,search_no_isrc,ffeecd60-778c-4d05-9b10-c46f8c13ee57,267cf9f3-a329-4e7e-a5cb-ba18636ef8e0,100.0,,20260513T155412Z,2026-05-13T15:54:59.120739+00:00,2026-05-13T15:55:29.457062+00:00
288499bc-0451-4db6-b7f6-a6bd3c3d7bb9,Drake,drake,Marvins Room,marvins room,search,search_ok,f017bece-022f-4aeb-8372-a0804eafa7c7,288499bc-0451-4db6-b7f6-a6bd3c3d7bb9,100.0,USCM51100267,20260513T155412Z,2026-05-13T15:54:29.104311+00:00,2026-05-13T15:55:29.457062+00:00
2f0cb2c2-e236-4c5d-ba88-00d3da30c6df,Boards of Canada,boards of canada,The Smallest Weird Number,the smallest weird number,mbid_then_search_no_isrc,search_no_isrc,49fff761-8804-413c-83b1-083d3d164d4d,2f0cb2c2-e236-4c5d-ba88-00d3da30c6df,100.0,,20260513T155412Z,2026-05-13T15:55:01.074933+00:00,2026-05-13T15:55:29.457062+00:00
64b7bdc0-8815-4da5-a6d5-b284c3ca5c42,Boards of Canada,boards of canada,In the Annexe,in the annexe,search,search_ok,11a79554-a2ce-421a-bd06-2ea8c94bdc13,64b7bdc0-8815-4da5-a6d5-b284c3ca5c42,100.0,GBBPW0100199,20260513T155412Z,2026-05-13T15:55:06.418225+00:00,2026-05-13T15:55:29.457062+00:00
